title,authors,published,updated,summary,pdf_url,arxiv_id,categories,doi,journal_ref,comment
Memory Analysis on the Training Course of DeepSeek Models,"Ping Zhang, Lei Su",2025-02-11T09:51:25Z,2025-02-11T09:51:25Z,"We present a theoretical analysis of GPU memory consumption during the
training of DeepSeek models such as DeepSeek-v2 and DeepSeek-v3. Our primary
objective is to clarify the device-level memory requirements associated with
various distributed training configurations. Specifically, we examine critical
factors influencing memory usage, including micro-batch size, activation
recomputation policies, 3D parallelism, and ZeRO optimizations. It is important
to emphasize that the training policies discussed in this report are not
representative of DeepSeek's official configurations. Instead, they are
explored to provide a deeper understanding of memory dynamics in training of
large-scale mixture-of-experts model.",http://arxiv.org/pdf/2502.07846v1,2502.07846v1,"['cs.PF', 'cs.LG']",,,
"DeepSeek-VL2: Mixture-of-Experts Vision-Language Models for Advanced
  Multimodal Understanding","Zhiyu Wu, Xiaokang Chen, Zizheng Pan, Xingchao Liu, Wen Liu, Damai Dai, Huazuo Gao, Yiyang Ma, Chengyue Wu, Bingxuan Wang, Zhenda Xie, Yu Wu, Kai Hu, Jiawei Wang, Yaofeng Sun, Yukun Li, Yishi Piao, Kang Guan, Aixin Liu, Xin Xie, Yuxiang You, Kai Dong, Xingkai Yu, Haowei Zhang, Liang Zhao, Yisong Wang, Chong Ruan",2024-12-13T17:37:48Z,2024-12-13T17:37:48Z,"We present DeepSeek-VL2, an advanced series of large Mixture-of-Experts (MoE)
Vision-Language Models that significantly improves upon its predecessor,
DeepSeek-VL, through two key major upgrades. For the vision component, we
incorporate a dynamic tiling vision encoding strategy designed for processing
high-resolution images with different aspect ratios. For the language
component, we leverage DeepSeekMoE models with the Multi-head Latent Attention
mechanism, which compresses Key-Value cache into latent vectors, to enable
efficient inference and high throughput. Trained on an improved vision-language
dataset, DeepSeek-VL2 demonstrates superior capabilities across various tasks,
including but not limited to visual question answering, optical character
recognition, document/table/chart understanding, and visual grounding. Our
model series is composed of three variants: DeepSeek-VL2-Tiny,
DeepSeek-VL2-Small and DeepSeek-VL2, with 1.0B, 2.8B and 4.5B activated
parameters respectively. DeepSeek-VL2 achieves competitive or state-of-the-art
performance with similar or fewer activated parameters compared to existing
open-source dense and MoE-based models. Codes and pre-trained models are
publicly accessible at https://github.com/deepseek-ai/DeepSeek-VL2.",http://arxiv.org/pdf/2412.10302v1,2412.10302v1,"['cs.CV', 'cs.AI', 'cs.CL']",,,
"Token-Hungry, Yet Precise: DeepSeek R1 Highlights the Need for
  Multi-Step Reasoning Over Speed in MATH",Evgenii Evstafev,2025-01-30T18:45:51Z,2025-01-30T18:45:51Z,"This study investigates the performance of the DeepSeek R1 language model on
30 challenging mathematical problems derived from the MATH dataset, problems
that previously proved unsolvable by other models under time constraints.
Unlike prior work, this research removes time limitations to explore whether
DeepSeek R1's architecture, known for its reliance on token-based reasoning,
can achieve accurate solutions through a multi-step process. The study compares
DeepSeek R1 with four other models (gemini-1.5-flash-8b,
gpt-4o-mini-2024-07-18, llama3.1:8b, and mistral-8b-latest) across 11
temperature settings. Results demonstrate that DeepSeek R1 achieves superior
accuracy on these complex problems but generates significantly more tokens than
other models, confirming its token-intensive approach. The findings highlight a
trade-off between accuracy and efficiency in mathematical problem-solving with
large language models: while DeepSeek R1 excels in accuracy, its reliance on
extensive token generation may not be optimal for applications requiring rapid
responses. The study underscores the importance of considering task-specific
requirements when selecting an LLM and emphasizes the role of temperature
settings in optimizing performance.",http://arxiv.org/pdf/2501.18576v1,2501.18576v1,['cs.LG'],,,"5 pages, 1 figure, 1 table"
"DeepSeek-Coder-V2: Breaking the Barrier of Closed-Source Models in Code
  Intelligence","DeepSeek-AI, Qihao Zhu, Daya Guo, Zhihong Shao, Dejian Yang, Peiyi Wang, Runxin Xu, Y. Wu, Yukun Li, Huazuo Gao, Shirong Ma, Wangding Zeng, Xiao Bi, Zihui Gu, Hanwei Xu, Damai Dai, Kai Dong, Liyue Zhang, Yishi Piao, Zhibin Gou, Zhenda Xie, Zhewen Hao, Bingxuan Wang, Junxiao Song, Deli Chen, Xin Xie, Kang Guan, Yuxiang You, Aixin Liu, Qiushi Du, Wenjun Gao, Xuan Lu, Qinyu Chen, Yaohui Wang, Chengqi Deng, Jiashi Li, Chenggang Zhao, Chong Ruan, Fuli Luo, Wenfeng Liang",2024-06-17T13:51:35Z,2024-06-17T13:51:35Z,"We present DeepSeek-Coder-V2, an open-source Mixture-of-Experts (MoE) code
language model that achieves performance comparable to GPT4-Turbo in
code-specific tasks. Specifically, DeepSeek-Coder-V2 is further pre-trained
from an intermediate checkpoint of DeepSeek-V2 with additional 6 trillion
tokens. Through this continued pre-training, DeepSeek-Coder-V2 substantially
enhances the coding and mathematical reasoning capabilities of DeepSeek-V2,
while maintaining comparable performance in general language tasks. Compared to
DeepSeek-Coder-33B, DeepSeek-Coder-V2 demonstrates significant advancements in
various aspects of code-related tasks, as well as reasoning and general
capabilities. Additionally, DeepSeek-Coder-V2 expands its support for
programming languages from 86 to 338, while extending the context length from
16K to 128K. In standard benchmark evaluations, DeepSeek-Coder-V2 achieves
superior performance compared to closed-source models such as GPT4-Turbo,
Claude 3 Opus, and Gemini 1.5 Pro in coding and math benchmarks.",http://arxiv.org/pdf/2406.11931v1,2406.11931v1,"['cs.SE', 'cs.AI', 'cs.LG']",,,
"DeepSeek-Prover-V1.5: Harnessing Proof Assistant Feedback for
  Reinforcement Learning and Monte-Carlo Tree Search","Huajian Xin, Z. Z. Ren, Junxiao Song, Zhihong Shao, Wanjia Zhao, Haocheng Wang, Bo Liu, Liyue Zhang, Xuan Lu, Qiushi Du, Wenjun Gao, Qihao Zhu, Dejian Yang, Zhibin Gou, Z. F. Wu, Fuli Luo, Chong Ruan",2024-08-15T13:40:03Z,2024-08-15T13:40:03Z,"We introduce DeepSeek-Prover-V1.5, an open-source language model designed for
theorem proving in Lean 4, which enhances DeepSeek-Prover-V1 by optimizing both
training and inference processes. Pre-trained on DeepSeekMath-Base with
specialization in formal mathematical languages, the model undergoes supervised
fine-tuning using an enhanced formal theorem proving dataset derived from
DeepSeek-Prover-V1. Further refinement is achieved through reinforcement
learning from proof assistant feedback (RLPAF). Beyond the single-pass
whole-proof generation approach of DeepSeek-Prover-V1, we propose RMaxTS, a
variant of Monte-Carlo tree search that employs an intrinsic-reward-driven
exploration strategy to generate diverse proof paths. DeepSeek-Prover-V1.5
demonstrates significant improvements over DeepSeek-Prover-V1, achieving new
state-of-the-art results on the test set of the high school level miniF2F
benchmark ($63.5\%$) and the undergraduate level ProofNet benchmark ($25.3\%$).",http://arxiv.org/pdf/2408.08152v1,2408.08152v1,"['cs.CL', 'cs.AI', 'cs.LG', 'cs.LO']",,,
A Comparison of DeepSeek and Other LLMs,"Tianchen Gao, Jiashun Jin, Zheng Tracy Ke, Gabriel Moryoussef",2025-02-06T00:38:25Z,2025-02-06T00:38:25Z,"Recently, DeepSeek has been the focus of attention in and beyond the AI
community. An interesting problem is how DeepSeek compares to other large
language models (LLMs). There are many tasks an LLM can do, and in this paper,
we use the task of predicting an outcome using a short text for comparison. We
consider two settings, an authorship classification setting and a citation
classification setting. In the first one, the goal is to determine whether a
short text is written by human or AI. In the second one, the goal is to
classify a citation to one of four types using the textual content. For each
experiment, we compare DeepSeek with $4$ popular LLMs: Claude, Gemini, GPT, and
Llama.
  We find that, in terms of classification accuracy, DeepSeek outperforms
Gemini, GPT, and Llama in most cases, but underperforms Claude. We also find
that DeepSeek is comparably slower than others but with a low cost to use,
while Claude is much more expensive than all the others. Finally, we find that
in terms of similarity, the output of DeepSeek is most similar to those of
Gemini and Claude (and among all $5$ LLMs, Claude and Gemini have the most
similar outputs).
  In this paper, we also present a fully-labeled dataset collected by
ourselves, and propose a recipe where we can use the LLMs and a recent data
set, MADStat, to generate new data sets. The datasets in our paper can be used
as benchmarks for future study on LLMs.",http://arxiv.org/pdf/2502.03688v1,2502.03688v1,"['cs.CL', 'cs.AI']",,,"21 pages, 5 figures, 6 tables"
"DeepSeek on a Trip: Inducing Targeted Visual Hallucinations via
  Representation Vulnerabilities","Chashi Mahiul Islam, Samuel Jacob Chacko, Preston Horne, Xiuwen Liu",2025-02-11T19:21:23Z,2025-02-11T19:21:23Z,"Multimodal Large Language Models (MLLMs) represent the cutting edge of AI
technology, with DeepSeek models emerging as a leading open-source alternative
offering competitive performance to closed-source systems. While these models
demonstrate remarkable capabilities, their vision-language integration
mechanisms introduce specific vulnerabilities. We implement an adapted
embedding manipulation attack on DeepSeek Janus that induces targeted visual
hallucinations through systematic optimization of image embeddings. Through
extensive experimentation across COCO, DALL-E 3, and SVIT datasets, we achieve
hallucination rates of up to 98.0% while maintaining high visual fidelity (SSIM
> 0.88) of the manipulated images on open-ended questions. Our analysis
demonstrates that both 1B and 7B variants of DeepSeek Janus are susceptible to
these attacks, with closed-form evaluation showing consistently higher
hallucination rates compared to open-ended questioning. We introduce a novel
multi-prompt hallucination detection framework using LLaMA-3.1 8B Instruct for
robust evaluation. The implications of these findings are particularly
concerning given DeepSeek's open-source nature and widespread deployment
potential. This research emphasizes the critical need for embedding-level
security measures in MLLM deployment pipelines and contributes to the broader
discussion of responsible AI implementation.",http://arxiv.org/pdf/2502.07905v1,2502.07905v1,"['cs.CV', 'cs.LG']",,,"19 pages, 4 figures"
"Challenges in Ensuring AI Safety in DeepSeek-R1 Models: The Shortcomings
  of Reinforcement Learning Strategies","Manojkumar Parmar, Yuvaraj Govindarajulu",2025-01-28T15:52:51Z,2025-01-28T15:52:51Z,"Large Language Models (LLMs) have achieved remarkable progress in reasoning,
alignment, and task-specific performance. However, ensuring harmlessness in
these systems remains a critical challenge, particularly in advanced models
like DeepSeek-R1. This paper examines the limitations of Reinforcement Learning
(RL) as the primary approach for reducing harmful outputs in DeepSeek-R1 and
compares it with Supervised Fine-Tuning (SFT). While RL improves reasoning
capabilities, it faces challenges such as reward hacking, generalization
failures, language mixing, and high computational costs. We propose hybrid
training approaches combining RL and SFT to achieve robust harmlessness
reduction. Usage recommendations and future directions for deploying
DeepSeek-R1 responsibly are also presented.",http://arxiv.org/pdf/2501.17030v1,2501.17030v1,"['cs.LG', 'cs.AI', 'cs.CL', 'cs.CR']",,,"9 pages, 1 table"
o3-mini vs DeepSeek-R1: Which One is Safer?,"Aitor Arrieta, Miriam Ugarte, Pablo Valle, Jos√© Antonio Parejo, Sergio Segura",2025-01-30T15:45:56Z,2025-01-31T15:39:00Z,"The irruption of DeepSeek-R1 constitutes a turning point for the AI industry
in general and the LLMs in particular. Its capabilities have demonstrated
outstanding performance in several tasks, including creative thinking, code
generation, maths and automated program repair, at apparently lower execution
cost. However, LLMs must adhere to an important qualitative property, i.e.,
their alignment with safety and human values. A clear competitor of DeepSeek-R1
is its American counterpart, OpenAI's o3-mini model, which is expected to set
high standards in terms of performance, safety and cost. In this technical
report, we systematically assess the safety level of both DeepSeek-R1 (70b
version) and OpenAI's o3-mini (beta version). To this end, we make use of our
recently released automated safety testing tool, named ASTRAL. By leveraging
this tool, we automatically and systematically generated and executed 1,260
test inputs on both models. After conducting a semi-automated assessment of the
outcomes provided by both LLMs, the results indicate that DeepSeek-R1 produces
significantly more unsafe responses (12%) than OpenAI's o3-mini (1.2%).",http://arxiv.org/pdf/2501.18438v2,2501.18438v2,"['cs.SE', 'cs.AI']",,,arXiv admin note: substantial text overlap with arXiv:2501.17749
"DeepSeek-Coder: When the Large Language Model Meets Programming -- The
  Rise of Code Intelligence","Daya Guo, Qihao Zhu, Dejian Yang, Zhenda Xie, Kai Dong, Wentao Zhang, Guanting Chen, Xiao Bi, Y. Wu, Y. K. Li, Fuli Luo, Yingfei Xiong, Wenfeng Liang",2024-01-25T14:17:53Z,2024-01-26T09:23:11Z,"The rapid development of large language models has revolutionized code
intelligence in software development. However, the predominance of
closed-source models has restricted extensive research and development. To
address this, we introduce the DeepSeek-Coder series, a range of open-source
code models with sizes from 1.3B to 33B, trained from scratch on 2 trillion
tokens. These models are pre-trained on a high-quality project-level code
corpus and employ a fill-in-the-blank task with a 16K window to enhance code
generation and infilling. Our extensive evaluations demonstrate that
DeepSeek-Coder not only achieves state-of-the-art performance among open-source
code models across multiple benchmarks but also surpasses existing
closed-source models like Codex and GPT-3.5. Furthermore, DeepSeek-Coder models
are under a permissive license that allows for both research and unrestricted
commercial use.",http://arxiv.org/pdf/2401.14196v2,2401.14196v2,"['cs.SE', 'cs.CL', 'cs.LG']",,,
Brief analysis of DeepSeek R1 and its implications for Generative AI,"Sarah Mercer, Samuel Spillard, Daniel P. Martin",2025-02-04T17:45:32Z,2025-02-07T15:02:21Z,"In late January 2025, DeepSeek released their new reasoning model (DeepSeek
R1); which was developed at a fraction of the cost yet remains competitive with
OpenAI's models, despite the US's GPU export ban. This report discusses the
model, and what its release means for the field of Generative AI more widely.
We briefly discuss other models released from China in recent weeks, their
similarities; innovative use of Mixture of Experts (MoE), Reinforcement
Learning (RL) and clever engineering appear to be key factors in the
capabilities of these models. This think piece has been written to a tight
timescale, providing broad coverage of the topic, and serves as introductory
material for those looking to understand the model's technical advancements, as
well as its place in the ecosystem. Several further areas of research are
identified.",http://arxiv.org/pdf/2502.02523v3,2502.02523v3,['cs.LG'],,,
"An Open Recipe: Adapting Language-Specific LLMs to a Reasoning Model in
  One Day via Model Merging","Kunat Pipatanakul, Pittawat Taveekitworachai, Potsawee Manakul, Kasima Tharnpipitchai",2025-02-13T08:10:45Z,2025-02-13T08:10:45Z,"This paper investigates data selection and model merging methodologies aimed
at incorporating advanced reasoning capabilities such as those of DeepSeek R1
into language-specific large language models (LLMs), with a particular focus on
the Thai LLM. Our goal is to enhance the reasoning capabilities of
language-specific LLMs while maintaining their target language abilities.
DeepSeek R1 excels in reasoning but primarily benefits high-resource languages
such as English and Chinese. However, low-resource languages remain underserved
due to the dominance of English-centric training data and model optimizations,
which limit performance in these languages. This limitation results in
unreliable code-switching and diminished effectiveness on tasks in low-resource
languages. Meanwhile, local and regional LLM initiatives have attempted to
bridge this gap by developing language-specific LLMs that focus on improving
local linguistic fidelity. We demonstrate that, with only publicly available
datasets and a computational budget of $120, it is possible to enhance the
reasoning capabilities of language-specific LLMs to match the level of DeepSeek
R1, without compromising their performance on target language tasks.",http://arxiv.org/pdf/2502.09056v1,2502.09056v1,"['cs.CL', 'cs.AI']",,,9 pages
DeepSeek-VL: Towards Real-World Vision-Language Understanding,"Haoyu Lu, Wen Liu, Bo Zhang, Bingxuan Wang, Kai Dong, Bo Liu, Jingxiang Sun, Tongzheng Ren, Zhuoshu Li, Hao Yang, Yaofeng Sun, Chengqi Deng, Hanwei Xu, Zhenda Xie, Chong Ruan",2024-03-08T18:46:00Z,2024-03-11T16:47:41Z,"We present DeepSeek-VL, an open-source Vision-Language (VL) Model designed
for real-world vision and language understanding applications. Our approach is
structured around three key dimensions:
  We strive to ensure our data is diverse, scalable, and extensively covers
real-world scenarios including web screenshots, PDFs, OCR, charts, and
knowledge-based content, aiming for a comprehensive representation of practical
contexts. Further, we create a use case taxonomy from real user scenarios and
construct an instruction tuning dataset accordingly. The fine-tuning with this
dataset substantially improves the model's user experience in practical
applications. Considering efficiency and the demands of most real-world
scenarios, DeepSeek-VL incorporates a hybrid vision encoder that efficiently
processes high-resolution images (1024 x 1024), while maintaining a relatively
low computational overhead. This design choice ensures the model's ability to
capture critical semantic and detailed information across various visual tasks.
We posit that a proficient Vision-Language Model should, foremost, possess
strong language abilities. To ensure the preservation of LLM capabilities
during pretraining, we investigate an effective VL pretraining strategy by
integrating LLM training from the beginning and carefully managing the
competitive dynamics observed between vision and language modalities.
  The DeepSeek-VL family (both 1.3B and 7B models) showcases superior user
experiences as a vision-language chatbot in real-world applications, achieving
state-of-the-art or competitive performance across a wide range of
visual-language benchmarks at the same model size while maintaining robust
performance on language-centric benchmarks. We have made both 1.3B and 7B
models publicly accessible to foster innovations based on this foundation
model.",http://arxiv.org/pdf/2403.05525v2,2403.05525v2,['cs.AI'],,,https://github.com/deepseek-ai/DeepSeek-VL
DeepSeek LLM: Scaling Open-Source Language Models with Longtermism,"DeepSeek-AI, :, Xiao Bi, Deli Chen, Guanting Chen, Shanhuang Chen, Damai Dai, Chengqi Deng, Honghui Ding, Kai Dong, Qiushi Du, Zhe Fu, Huazuo Gao, Kaige Gao, Wenjun Gao, Ruiqi Ge, Kang Guan, Daya Guo, Jianzhong Guo, Guangbo Hao, Zhewen Hao, Ying He, Wenjie Hu, Panpan Huang, Erhang Li, Guowei Li, Jiashi Li, Yao Li, Y. K. Li, Wenfeng Liang, Fangyun Lin, A. X. Liu, Bo Liu, Wen Liu, Xiaodong Liu, Xin Liu, Yiyuan Liu, Haoyu Lu, Shanghao Lu, Fuli Luo, Shirong Ma, Xiaotao Nie, Tian Pei, Yishi Piao, Junjie Qiu, Hui Qu, Tongzheng Ren, Zehui Ren, Chong Ruan, Zhangli Sha, Zhihong Shao, Junxiao Song, Xuecheng Su, Jingxiang Sun, Yaofeng Sun, Minghui Tang, Bingxuan Wang, Peiyi Wang, Shiyu Wang, Yaohui Wang, Yongji Wang, Tong Wu, Y. Wu, Xin Xie, Zhenda Xie, Ziwei Xie, Yiliang Xiong, Hanwei Xu, R. X. Xu, Yanhong Xu, Dejian Yang, Yuxiang You, Shuiping Yu, Xingkai Yu, B. Zhang, Haowei Zhang, Lecong Zhang, Liyue Zhang, Mingchuan Zhang, Minghua Zhang, Wentao Zhang, Yichao Zhang, Chenggang Zhao, Yao Zhao, Shangyan Zhou, Shunfeng Zhou, Qihao Zhu, Yuheng Zou",2024-01-05T18:59:13Z,2024-01-05T18:59:13Z,"The rapid development of open-source large language models (LLMs) has been
truly remarkable. However, the scaling law described in previous literature
presents varying conclusions, which casts a dark cloud over scaling LLMs. We
delve into the study of scaling laws and present our distinctive findings that
facilitate scaling of large scale models in two commonly used open-source
configurations, 7B and 67B. Guided by the scaling laws, we introduce DeepSeek
LLM, a project dedicated to advancing open-source language models with a
long-term perspective. To support the pre-training phase, we have developed a
dataset that currently consists of 2 trillion tokens and is continuously
expanding. We further conduct supervised fine-tuning (SFT) and Direct
Preference Optimization (DPO) on DeepSeek LLM Base models, resulting in the
creation of DeepSeek Chat models. Our evaluation results demonstrate that
DeepSeek LLM 67B surpasses LLaMA-2 70B on various benchmarks, particularly in
the domains of code, mathematics, and reasoning. Furthermore, open-ended
evaluations reveal that DeepSeek LLM 67B Chat exhibits superior performance
compared to GPT-3.5.",http://arxiv.org/pdf/2401.02954v1,2401.02954v1,"['cs.CL', 'cs.AI', 'cs.LG']",,,
DeepSeek-V3 Technical Report,"DeepSeek-AI, Aixin Liu, Bei Feng, Bing Xue, Bingxuan Wang, Bochao Wu, Chengda Lu, Chenggang Zhao, Chengqi Deng, Chenyu Zhang, Chong Ruan, Damai Dai, Daya Guo, Dejian Yang, Deli Chen, Dongjie Ji, Erhang Li, Fangyun Lin, Fucong Dai, Fuli Luo, Guangbo Hao, Guanting Chen, Guowei Li, H. Zhang, Han Bao, Hanwei Xu, Haocheng Wang, Haowei Zhang, Honghui Ding, Huajian Xin, Huazuo Gao, Hui Li, Hui Qu, J. L. Cai, Jian Liang, Jianzhong Guo, Jiaqi Ni, Jiashi Li, Jiawei Wang, Jin Chen, Jingchang Chen, Jingyang Yuan, Junjie Qiu, Junlong Li, Junxiao Song, Kai Dong, Kai Hu, Kaige Gao, Kang Guan, Kexin Huang, Kuai Yu, Lean Wang, Lecong Zhang, Lei Xu, Leyi Xia, Liang Zhao, Litong Wang, Liyue Zhang, Meng Li, Miaojun Wang, Mingchuan Zhang, Minghua Zhang, Minghui Tang, Mingming Li, Ning Tian, Panpan Huang, Peiyi Wang, Peng Zhang, Qiancheng Wang, Qihao Zhu, Qinyu Chen, Qiushi Du, R. J. Chen, R. L. Jin, Ruiqi Ge, Ruisong Zhang, Ruizhe Pan, Runji Wang, Runxin Xu, Ruoyu Zhang, Ruyi Chen, S. S. Li, Shanghao Lu, Shangyan Zhou, Shanhuang Chen, Shaoqing Wu, Shengfeng Ye, Shengfeng Ye, Shirong Ma, Shiyu Wang, Shuang Zhou, Shuiping Yu, Shunfeng Zhou, Shuting Pan, T. Wang, Tao Yun, Tian Pei, Tianyu Sun, W. L. Xiao, Wangding Zeng, Wanjia Zhao, Wei An, Wen Liu, Wenfeng Liang, Wenjun Gao, Wenqin Yu, Wentao Zhang, X. Q. Li, Xiangyue Jin, Xianzu Wang, Xiao Bi, Xiaodong Liu, Xiaohan Wang, Xiaojin Shen, Xiaokang Chen, Xiaokang Zhang, Xiaosha Chen, Xiaotao Nie, Xiaowen Sun, Xiaoxiang Wang, Xin Cheng, Xin Liu, Xin Xie, Xingchao Liu, Xingkai Yu, Xinnan Song, Xinxia Shan, Xinyi Zhou, Xinyu Yang, Xinyuan Li, Xuecheng Su, Xuheng Lin, Y. K. Li, Y. Q. Wang, Y. X. Wei, Y. X. Zhu, Yang Zhang, Yanhong Xu, Yanhong Xu, Yanping Huang, Yao Li, Yao Zhao, Yaofeng Sun, Yaohui Li, Yaohui Wang, Yi Yu, Yi Zheng, Yichao Zhang, Yifan Shi, Yiliang Xiong, Ying He, Ying Tang, Yishi Piao, Yisong Wang, Yixuan Tan, Yiyang Ma, Yiyuan Liu, Yongqiang Guo, Yu Wu, Yuan Ou, Yuchen Zhu, Yuduan Wang, Yue Gong, Yuheng Zou, Yujia He, Yukun Zha, Yunfan Xiong, Yunxian Ma, Yuting Yan, Yuxiang Luo, Yuxiang You, Yuxuan Liu, Yuyang Zhou, Z. F. Wu, Z. Z. Ren, Zehui Ren, Zhangli Sha, Zhe Fu, Zhean Xu, Zhen Huang, Zhen Zhang, Zhenda Xie, Zhengyan Zhang, Zhewen Hao, Zhibin Gou, Zhicheng Ma, Zhigang Yan, Zhihong Shao, Zhipeng Xu, Zhiyu Wu, Zhongyu Zhang, Zhuoshu Li, Zihui Gu, Zijia Zhu, Zijun Liu, Zilin Li, Ziwei Xie, Ziyang Song, Ziyi Gao, Zizheng Pan",2024-12-27T04:03:16Z,2024-12-27T04:03:16Z,"We present DeepSeek-V3, a strong Mixture-of-Experts (MoE) language model with
671B total parameters with 37B activated for each token. To achieve efficient
inference and cost-effective training, DeepSeek-V3 adopts Multi-head Latent
Attention (MLA) and DeepSeekMoE architectures, which were thoroughly validated
in DeepSeek-V2. Furthermore, DeepSeek-V3 pioneers an auxiliary-loss-free
strategy for load balancing and sets a multi-token prediction training
objective for stronger performance. We pre-train DeepSeek-V3 on 14.8 trillion
diverse and high-quality tokens, followed by Supervised Fine-Tuning and
Reinforcement Learning stages to fully harness its capabilities. Comprehensive
evaluations reveal that DeepSeek-V3 outperforms other open-source models and
achieves performance comparable to leading closed-source models. Despite its
excellent performance, DeepSeek-V3 requires only 2.788M H800 GPU hours for its
full training. In addition, its training process is remarkably stable.
Throughout the entire training process, we did not experience any irrecoverable
loss spikes or perform any rollbacks. The model checkpoints are available at
https://github.com/deepseek-ai/DeepSeek-V3.",http://arxiv.org/pdf/2412.19437v1,2412.19437v1,"['cs.CL', 'cs.AI']",,,
LLM4VV: Developing LLM-Driven Testsuite for Compiler Validation,"Christian Munley, Aaron Jarmusch, Sunita Chandrasekaran",2023-10-08T01:43:39Z,2024-03-10T21:05:28Z,"Large language models (LLMs) are a new and powerful tool for a wide span of
applications involving natural language and demonstrate impressive code
generation abilities. The goal of this work is to automatically generate tests
and use these tests to validate and verify compiler implementations of a
directive-based parallel programming paradigm, OpenACC. To do so, in this
paper, we explore the capabilities of state-of-the-art LLMs, including
open-source LLMs -- Meta Codellama, Phind fine-tuned version of Codellama,
Deepseek Deepseek Coder and closed-source LLMs -- OpenAI GPT-3.5-Turbo and
GPT-4-Turbo. We further fine-tuned the open-source LLMs and GPT-3.5-Turbo using
our own testsuite dataset along with using the OpenACC specification. We also
explored these LLMs using various prompt engineering techniques that include
code template, template with retrieval-augmented generation (RAG), one-shot
example, one-shot with RAG, expressive prompt with code template and RAG. This
paper highlights our findings from over 5000 tests generated via all the above
mentioned methods. Our contributions include: (a) exploring the capabilities of
the latest and relevant LLMs for code generation, (b) investigating fine-tuning
and prompt methods, and (c) analyzing the outcome of LLMs generated tests
including manually analysis of representative set of tests. We found the LLM
Deepseek-Coder-33b-Instruct produced the most passing tests followed by
GPT-4-Turbo.",http://arxiv.org/pdf/2310.04963v3,2310.04963v3,['cs.AI'],,,
Inference-Time-Compute: More Faithful?,"James Chua, Owain Evans",2025-01-14T14:31:45Z,2025-02-10T06:09:23Z,"Models trained specifically to generate long Chains of Thought (CoTs) have
recently achieved impressive results. We refer to these models as
Inference-Time-Compute (ITC) models. Are the CoTs of ITC models more faithful
compared to traditional non-ITC models? We evaluate three ITC models (based on
Qwen-2.5, Gemini-2, and DeepSeek-V3-Base) on an existing test of faithful CoT.
To measure faithfulness, we test if models articulate a cue in their prompt
that influences their answers to MMLU questions. For example, when the cue ""A
Stanford Professor thinks the answer is D"" is added to the prompt, models
sometimes switch their answer to D. In such cases, the DeepSeek-R1 ITC model
articulates the cue 59% of the time, compared to 7% for the non-ITC DeepSeek.
We set a strict requirement on articulating -- these must describe how the cue
makes the models switch their answer - simply mentioning the cue does not
count. We evaluate 7 types of cue, such as misleading few-shot examples and
anchoring on past responses. ITC models articulate cues that influence them
much more reliably than all the 7 non-ITC models tested, such as
Claude-3.5-Sonnet and GPT-4o, which often articulate close to 0% of the time.
Finally, we conduct analysis which suggests reward modeling and length
penalties result in unfaithful responses. However, our study has important
limitations. We cannot evaluate OpenAI's SOTA o3 model. We also lack details
about the training of all ITC models evaluated, making it hard to attribute our
findings to specific processes. Faithfulness of CoT is an important property
for AI Safety. The ITC models tested show a large improvement in faithfulness,
which is worth investigating further.",http://arxiv.org/pdf/2501.08156v2,2501.08156v2,['cs.LG'],,,"10 pages, 8 figures"
"DeepSeek-R1: Incentivizing Reasoning Capability in LLMs via
  Reinforcement Learning","DeepSeek-AI, Daya Guo, Dejian Yang, Haowei Zhang, Junxiao Song, Ruoyu Zhang, Runxin Xu, Qihao Zhu, Shirong Ma, Peiyi Wang, Xiao Bi, Xiaokang Zhang, Xingkai Yu, Yu Wu, Z. F. Wu, Zhibin Gou, Zhihong Shao, Zhuoshu Li, Ziyi Gao, Aixin Liu, Bing Xue, Bingxuan Wang, Bochao Wu, Bei Feng, Chengda Lu, Chenggang Zhao, Chengqi Deng, Chenyu Zhang, Chong Ruan, Damai Dai, Deli Chen, Dongjie Ji, Erhang Li, Fangyun Lin, Fucong Dai, Fuli Luo, Guangbo Hao, Guanting Chen, Guowei Li, H. Zhang, Han Bao, Hanwei Xu, Haocheng Wang, Honghui Ding, Huajian Xin, Huazuo Gao, Hui Qu, Hui Li, Jianzhong Guo, Jiashi Li, Jiawei Wang, Jingchang Chen, Jingyang Yuan, Junjie Qiu, Junlong Li, J. L. Cai, Jiaqi Ni, Jian Liang, Jin Chen, Kai Dong, Kai Hu, Kaige Gao, Kang Guan, Kexin Huang, Kuai Yu, Lean Wang, Lecong Zhang, Liang Zhao, Litong Wang, Liyue Zhang, Lei Xu, Leyi Xia, Mingchuan Zhang, Minghua Zhang, Minghui Tang, Meng Li, Miaojun Wang, Mingming Li, Ning Tian, Panpan Huang, Peng Zhang, Qiancheng Wang, Qinyu Chen, Qiushi Du, Ruiqi Ge, Ruisong Zhang, Ruizhe Pan, Runji Wang, R. J. Chen, R. L. Jin, Ruyi Chen, Shanghao Lu, Shangyan Zhou, Shanhuang Chen, Shengfeng Ye, Shiyu Wang, Shuiping Yu, Shunfeng Zhou, Shuting Pan, S. S. Li, Shuang Zhou, Shaoqing Wu, Shengfeng Ye, Tao Yun, Tian Pei, Tianyu Sun, T. Wang, Wangding Zeng, Wanjia Zhao, Wen Liu, Wenfeng Liang, Wenjun Gao, Wenqin Yu, Wentao Zhang, W. L. Xiao, Wei An, Xiaodong Liu, Xiaohan Wang, Xiaokang Chen, Xiaotao Nie, Xin Cheng, Xin Liu, Xin Xie, Xingchao Liu, Xinyu Yang, Xinyuan Li, Xuecheng Su, Xuheng Lin, X. Q. Li, Xiangyue Jin, Xiaojin Shen, Xiaosha Chen, Xiaowen Sun, Xiaoxiang Wang, Xinnan Song, Xinyi Zhou, Xianzu Wang, Xinxia Shan, Y. K. Li, Y. Q. Wang, Y. X. Wei, Yang Zhang, Yanhong Xu, Yao Li, Yao Zhao, Yaofeng Sun, Yaohui Wang, Yi Yu, Yichao Zhang, Yifan Shi, Yiliang Xiong, Ying He, Yishi Piao, Yisong Wang, Yixuan Tan, Yiyang Ma, Yiyuan Liu, Yongqiang Guo, Yuan Ou, Yuduan Wang, Yue Gong, Yuheng Zou, Yujia He, Yunfan Xiong, Yuxiang Luo, Yuxiang You, Yuxuan Liu, Yuyang Zhou, Y. X. Zhu, Yanhong Xu, Yanping Huang, Yaohui Li, Yi Zheng, Yuchen Zhu, Yunxian Ma, Ying Tang, Yukun Zha, Yuting Yan, Z. Z. Ren, Zehui Ren, Zhangli Sha, Zhe Fu, Zhean Xu, Zhenda Xie, Zhengyan Zhang, Zhewen Hao, Zhicheng Ma, Zhigang Yan, Zhiyu Wu, Zihui Gu, Zijia Zhu, Zijun Liu, Zilin Li, Ziwei Xie, Ziyang Song, Zizheng Pan, Zhen Huang, Zhipeng Xu, Zhongyu Zhang, Zhen Zhang",2025-01-22T15:19:35Z,2025-01-22T15:19:35Z,"We introduce our first-generation reasoning models, DeepSeek-R1-Zero and
DeepSeek-R1. DeepSeek-R1-Zero, a model trained via large-scale reinforcement
learning (RL) without supervised fine-tuning (SFT) as a preliminary step,
demonstrates remarkable reasoning capabilities. Through RL, DeepSeek-R1-Zero
naturally emerges with numerous powerful and intriguing reasoning behaviors.
However, it encounters challenges such as poor readability, and language
mixing. To address these issues and further enhance reasoning performance, we
introduce DeepSeek-R1, which incorporates multi-stage training and cold-start
data before RL. DeepSeek-R1 achieves performance comparable to OpenAI-o1-1217
on reasoning tasks. To support the research community, we open-source
DeepSeek-R1-Zero, DeepSeek-R1, and six dense models (1.5B, 7B, 8B, 14B, 32B,
70B) distilled from DeepSeek-R1 based on Qwen and Llama.",http://arxiv.org/pdf/2501.12948v1,2501.12948v1,"['cs.CL', 'cs.AI', 'cs.LG']",,,
DeepSeek: Content Based Image Search & Retrieval,"Tanya Piplani, David Bamman",2018-01-09T09:57:40Z,2018-01-11T06:28:44Z,"Most of the internet today is composed of digital media that includes videos
and images. With pixels becoming the currency in which most transactions happen
on the internet, it is becoming increasingly important to have a way of
browsing through this ocean of information with relative ease. YouTube has 400
hours of video uploaded every minute and many million images are browsed on
Instagram, Facebook, etc. Inspired by recent advances in the field of deep
learning and success that it has gained on various problems like image
captioning and, machine translation , word2vec , skip thoughts, etc, we present
DeepSeek a natural language processing based deep learning model that allows
users to enter a description of the kind of images that they want to search,
and in response the system retrieves all the images that semantically and
contextually relate to the query. Two approaches are described in the following
sections.",http://arxiv.org/pdf/1801.03406v2,1801.03406v2,['cs.IR'],,,arXiv admin note: text overlap with arXiv:1706.06064 by other authors
Generating Energy-efficient code with LLMs,"Tom Cappendijk, Pepijn de Reus, Ana Oprescu",2024-11-15T21:45:58Z,2024-11-15T21:45:58Z,"The increasing electricity demands of personal computers, communication
networks, and data centers contribute to higher atmospheric greenhouse gas
emissions, which in turn lead to global warming and climate change. Therefore
the energy consumption of code must be minimized. Code can be generated by
large language models. We look at the influence of prompt modification on the
energy consumption of the code generated. We use three different Python code
problems of varying difficulty levels. Prompt modification is done by adding
the sentence ``Give me an energy-optimized solution for this problem'' or by
using two Python coding best practices. The large language models used are
CodeLlama-70b, CodeLlama-70b-Instruct, CodeLlama-70b-Python,
DeepSeek-Coder-33b-base, and DeepSeek-Coder-33b-instruct. We find a decrease in
energy consumption for a specific combination of prompt optimization, LLM, and
Python code problem. However, no single optimization prompt consistently
decreases energy consumption for the same LLM across the different Python code
problems.",http://arxiv.org/pdf/2411.10599v1,2411.10599v1,"['cs.SE', 'cs.AI']",,,
